N,load_all_ms,load_all_std,load_all_mem,stream_ms,stream_std,stream_mem,time_ratio,mem_reduction
500,442.4594550160691,55.68864224787218,1.3614820480346679,482.7885224018246,15.761774526535412,0.5211620330810547,1.0911474869133282,61.72097650252791
